,count,mean,std,min,25%,50%,75%,max,missing
female_activity_rate_pct,91.0,66.21482031648353,14.496318458937477,28.520027,56.776090499999995,65.931164,77.9379785,90.2151718,0
insuff_pa_f,91.0,33.78517968351648,14.496318458937479,9.7848282,22.0620215,34.068836,43.223909500000005,71.479973,0
sba_pct,91.0,95.62637362637362,9.932716257844692,47.0,96.5,99.0,100.0,100.0,0
gdp_pc,91.0,19986.447031528063,19895.581767853124,210.236494521532,5971.778670287285,11447.701171875,29744.78865163785,81810.1926481407,0
log_gdp_pc,91.0,9.320661601834551,1.2300239085665392,5.348233061458284,8.69448202029976,9.345544217809904,10.300408239862813,11.31215711932884,0
sec_enroll_f,79.0,98.45207072751323,22.025585618916434,14.1967132658225,91.73031997680664,101.22554053215,107.75555801391599,151.423095703125,12
